"metric","value"
"m_mu_mean",-0.0402977064623015
"m_mu_sd",0.265837540688395
"median_sd_of_mu_k",0.353578527946206
"sd_ratio_mmu_vs_mu",0.751848655042876
