"n_ave","avg_rmse_mu_fda","avg_rmse_mu_traditional","avg_rmse_G_mu"
1,0.784122550476093,2.04968151892153,0.0643909699119581
30,0.235833524486874,0.227610780971153,0.0362074545741857
70,0.208985181970403,0.156919795081978,0.0330218532239953
100,0.202877472087205,0.137794420796927,0.0416222763136312
