"metric","value"
"m_mu_mean",-0.0535554415534623
"m_mu_sd",0.0201935412340983
"median_sd_of_mu_k",0.597281116132256
"sd_ratio_mmu_vs_mu",0.0338091071167012
