"metric","value"
"m_mu_mean",-0.0247456962657078
"m_mu_sd",0.0515361149189551
"median_sd_of_mu_k",0.385194438909462
"sd_ratio_mmu_vs_mu",0.133792468720112
