"metric","value"
"m_mu_mean",-0.0316744588464219
"m_mu_sd",0.0899353244628178
"median_sd_of_mu_k",0.234431118545239
"sd_ratio_mmu_vs_mu",0.383632194483869
