"metric","value"
"m_mu_mean",-0.110933489118567
"m_mu_sd",0.733873266139487
"median_sd_of_mu_k",0.913377019869873
"sd_ratio_mmu_vs_mu",0.803472443661918
